;Title;Keywords;url
0;Congress MPs move adjournment notices in LS;agitation,congress,notices,adjournment,ls,act,sabha,farm,farmers,tagore,notice,lives,protesting,mps,lost;
0;Delhi’s LNJP hospital designated to treat Omicron patients;hospital,variant,omicron,treat,lok,delhis,world,lnjp,health,nayak,wards,global,designated,patients;https://www.thestatesman.com/cities/delhi/delhis-lnjp-hospital-designated-treat-omicron-patients-1503027437.html
0;Text of the motion moved by Pralhad Joshi for suspension of 12 RS Oppn members;joshi,rule,members,procedure,motion,12,conduct,rajya,rs,business,moved,pralhad,suspension,text,session,rules,house,oppn,sabha;https://www.thestatesman.com/india/text-of-the-motion-moved-by-pralhad-joshi-for-suspension-of-12-rs-oppn-members-1503027402.html
0;"SC warns against worsening Delhi air pollution; to form independent task force";directions,warns,delhi,court,issued,force,bench,quality,mehta,form,pollution,sc,air,worsening,governments,task,independent,state;https://www.thestatesman.com/india/sc-warns-worsening-delhi-air-pollution-form-independent-task-force-1503027392.html
0;LS passes Farm Laws Repeal Bill sans debate;laws,discussion,passes,sans,ls,repeal,sloganeering,bill,opposition,farm,farmers,debate,minister,members,sabha;https://www.thestatesman.com/india/ls-passes-farm-laws-repeal-bill-sans-debate-1503027357.html
0;Punjab registers lowest Tobacco use prevalence as per NFHS-5: Soni;survey,welfare,registers,nfhs5,union,tobacco,soni,lowest,centers,punjab,health,prevalence,family;https://www.thestatesman.com/cities/chandigarh/punjab-registers-lowest-tobacco-use-prevalence-per-nfhs-5-soni-1503027399.html
0;Afghan national found dead on Delhi road;spot,delhi,afghan,deceased,national,injury,lying,identified,wazirabad,street,dead,road,bullet;https://www.thestatesman.com/cities/delhi/afghan-national-found-dead-delhi-road-1503027397.html
0;LG lays foundation of Yatri Niwas for Amarnath pilgrims;jammu,lg,yatri,pilgrims,governor,foundation,niwas,devotees,lays,amarnath,lt,shri,shrine,ji;https://www.thestatesman.com/india/lg-lays-foundation-yatri-niwas-amarnath-pilgrims-1503027395.html
0;Omar asks people not to fall prey to divisive forces;jammu,party,kishtwar,seen,asks,forces,omar,support,kashmir,peoples,fall,divisive,prey,jk,visible;https://www.thestatesman.com/india/omar-asks-people-not-fall-prey-divisive-forces-1503027390.html
0;Punjab Minister shying away from a discussion on school education: Sisodia;away,discussion,education,250,shying,delhi,sisodia,pargat,punjab,schools,release,minister,singh,school,list;https://www.thestatesman.com/cities/chandigarh/punjab-minister-shying-away-discussion-school-education-sisodia-1503027386.html
0;Hot bed of terrorism Pulwama now on path of development;power,officers,department,secretary,schemes,social,projects,hot,development,bed,developmental,district,terrorism,path,pulwama;https://www.thestatesman.com/india/hot-bed-terrorism-pulwama-now-path-development-1503027299.html
0;Govt ensuring equitable development without any vendetta: Jai Ram;families,welfare,govt,state,taken,today,ventilators,provided,yojana,development,ram,equitable,jai,minister,lakh,ensuring,vendetta;https://www.thestatesman.com/cities/shimla/govt-ensuring-equitable-development-without-vendetta-jai-ram-1503027297.html
0;President Kovind calls for use of natural products;president,products,ayurveda,natural,yoga,contribution,body,kovind,university,calls,knowledge,modern,patanjali;https://www.thestatesman.com/india/president-kovind-calls-use-natural-products-1503027291.html
0;Daily Covid cases in India near 8K 3rd day in a row;stands,cases,daily,covid,total,near,8k,days,rate,deaths,row,day,india,24,3rd,hours;https://www.thestatesman.com/coronavirus/daily-covid-cases-india-near-8k-3rd-day-row-1503027388.html
0;Odisha to screen the overseas travelers amidst concern of COVID-19’s new variant;restarted,mohapatra,vigilant,variant,screen,revised,prevent,concern,possible,travelers,schools,covid19s,outside,secretary,amidst,overseas,odisha;https://www.thestatesman.com/cities/bhubaneshwar/odisha-to-screen-the-overseas-travelers-amidst-concern-of-covid-19s-new-variant-1503027305.html
0;Kejriwal ask experts to suggest preventive measures for new Covid – 19 variant;measures,cases,variant,covid,steps,minister,africa,covid19,ask,experts,presentation,19,suggest,preventive,2020,south,kejriwal;https://www.thestatesman.com/cities/delhi/kejriwal-asks-experts-suggest-preventive-measures-new-covid-19-variant-1503026892.html
0;Nagpur civic body not to pay salaries to employees who did not take one or both COVID vaccine doses;nagpur,vaccine,covid,body,covid19,lowest,employees,municipal,doses,civic,infection,salaries,hours,pay;https://www.thestatesman.com/cities/nagpur-civic-body-not-pay-salaries-employees-not-take-one-covid-vaccine-doses-1503026581.html
0;‘SC community still feels ignored’;scs,think,cm,congress,ignored,sc,sikh,punjab,channi,singh,community,feels;https://www.thestatesman.com/exclusive-interviews/sc-community-still-feels-ignored-1503027023.html
0;People voted against BJP’s double standard, favouring the development agenda of Congress: Pratibha Singh;double,agenda,standard,party,mandi,congress,cm,bjps,assembly,elections,favouring,pratibha,development,virbhadra,voted,victory,singh,state;https://www.thestatesman.com/exclusive-interviews/people-voted-bjps-double-standard-favouring-development-agenda-congress-pratibha-singh-1503024381.html
0;Loans could be only alternative to run Mamata’s social schemes;financial,alternative,schemes,project,power,mamatas,rs,bhandar,social,crore,lakshmir,loans,sathi,run,state;https://www.thestatesman.com/bengal/loans-alternative-run-mamatas-social-schemes-1503027183.html
0;Left releases manifesto for KMC election;manifesto,election,lodge,left,releases,promises,municipal,city,set,civic,kmc,centres,polls;https://www.thestatesman.com/bengal/left-releases-manifesto-kmc-election-1503027108.html
0;More than 1.53 lakh skip 2nd dose in Burdwan (E);east,153,2nd,covid19,dose,persons,second,health,district,burdwan,lakh,skip,officials,skipped;https://www.thestatesman.com/bengal/1-53-lakh-skip-2nd-dose-burdwan-e-1503027132.html
0;35% MLAs in UP have criminal cases: ADR Report;396,cases,survey,report,party,35,mlas,crorepatis,congress,adr,elections,legislators,criminal;https://www.thestatesman.com/cities/lucknow/35-mlas-criminal-cases-adr-report-1503026371.html
0;UP’s first all-girls band to perform in Lucknow university;gender,allgirls,foundation,group,band,perform,event,university,day,lucknow,members,came,ups,rubaru,girls;https://www.thestatesman.com/cities/lucknow/ups-first-girls-band-perform-lucknow-university-1503026185.html
0;Kisan Maha Panchayat firm on demands, protests to continue;misra,firm,minister,till,protests,union,prime,continue,withdrawal,panchayat,farmers,maha,kisan,demands;https://www.thestatesman.com/cities/lucknow/kisan-maha-panchayat-firm-demands-protests-continue-1503026173.html
0;Indian para-powerlifter Paramjeet Kumar bags medal at Worlds;haryana,bronze,paramjeet,indian,para,medal,kg,category,world,punjab,worlds,kumar,parapowerlifter,bags,won;https://www.thestatesman.com/sports/indian-para-powerlifter-paramjeet-kumar-bags-medal-worlds-1503027285.html
0;T10: Explosive Gayle, Salt propel Team Abu Dhabi to big win;braves,abu,boundaries,t10,chennai,gayle,big,total,team,propel,runs,win,salt,dhabi,explosive,innings;https://www.thestatesman.com/sports/t10-explosive-gayle-salt-propel-team-abu-dhabi-big-win-1503027282.html
0;Jr Hockey World Cup: Argentina, Spain claim last two berths;matches,hockey,scoring,claim,argentina,cup,pakistan,berths,world,minutes,jr,goal,scored,win,spain,match,penalty;https://www.thestatesman.com/sports/jr-hockey-world-cup-argentina-spain-claim-last-two-berths-1503027279.html
0;Founder of Williams Racing F1 team, Frank Williams dies aged 79;sir,dies,frank,team,79,williams,aged,tribute,racing,sport,family,f1,founder,passed,principal;https://www.thestatesman.com/sports/founder-williams-racing-f1-team-frank-williams-dies-aged-79-1503027276.html
0;Bengaluru and Blasters end equals in a thrilling contest;shot,equals,ball,opposition,end,bengaluru,minutes,ashique,game,contest,blasters,saw,singh,thrilling;https://www.thestatesman.com/sports/bengaluru-blasters-end-equals-thrilling-contest-1503027273.html
0;SRK’s daughter Suhana hints being heartbroken on leaving New York;daughter,khan,suhana,written,going,wrote,leaving,heartbroken,leave,youyoure,srks,yorker,york,hints,shared;https://www.thestatesman.com/entertainment/bollywood/srks-daughter-suhana-hints-heartbroken-leaving-new-york-1503026937.html
0;First look of Kannada flick ‘Dilpasand’ goes viral;viral,movie,goes,seen,love,romantic,darling,flick,dilpasand,krishna,look,film,kannada,sweet,shiva,tejas;https://www.thestatesman.com/entertainment/first-look-kannada-flick-dilpasand-goes-viral-1503026663.html
0;Madhuri recreates ‘Ek do teen’, ‘Channe ke khet mein’ hook steps on Meghan Trainor’s track;khet,teen,recreates,track,steps,views,user,toes,social,youmadhuris,tamma,madhuri,ke,mein,trainors,actress,meghan,updating,media;https://www.thestatesman.com/entertainment/bollywood/madhuri-recreates-ek-teen-channe-ke-khet-mein-hook-steps-meghan-trainors-track-1503026660.html
0;Akshay Kumar, Sara Ali Khan-starrer ‘Atrangi Re’ trailer out;zeeshan,atrangi,going,khanstarrer,love,aanand,trailer,film,kumar,sara,release,believe,akshay,ali;https://www.thestatesman.com/entertainment/bollywood/akshay-kumar-sara-ali-khan-starrer-atrangi-re-trailer-1503026657.html
0;‘Bhediya’ unleashes terror with chilling motion poster;date,bhediya,stars,audience,horrorcomedy,motion,look,terror,wolf,varun,film,poster,video,unleashes,chilling;https://www.thestatesman.com/entertainment/bollywood/bhediya-unleashes-terror-chilling-motion-poster-1503026654.html
0;Ilaiyaraaja sends ‘get well soon’ message to Kamal Haasan;ilaiyaraaja,hospital,covid,kamal,message,sends,vendum,ramachandra,sri,reported,medical,need,soon,haasan;https://www.thestatesman.com/entertainment/music/ilaiyaraaja-sends-get-well-soon-message-kamal-haasan-1503026651.html
0;Emily Arlook, Andrew Schulz join Jonah Hill for Kenya Barris’ Netflix comedy;feature,netflix,join,kenya,jonah,project,play,hill,arlook,firstman,barris,star,comedy,emily,schulz,producing;https://www.thestatesman.com/entertainment/ott/emily-arlook-andrew-schulz-join-jonah-hill-kenya-barris-netflix-comedy-1503026635.html
0;Trailer starring Saif Ali Khan, Arjun Kapoor, Jacqueline Fernandez & Yami Gautam;agitation,farmers,yami,weather,arjun,trailer,notice,violent,khan,saif,tewari,vehicles,lives,run,starring,fernandez,jacqueline,kapoor,gautam,state;https://www.thestatesman.com/videogallery/bhoot-police-trailer-starring-saif-ali-khan-arjun-kapoor-jacqueline-fernandez-yami-gautam-1502996418.html
0;Covid vaccine czar says India will have 4-5 bn doses in 2022;vaccines,vaccine,covid,bn,rai,natural,dose,45,czar,2022,dr,children,doses,pipeline,arora,india;https://www.thestatesman.com/india/covid-vaccine-czar-says-india-will-4-5-bn-doses-2022-1503027451.html
0;New Indian Navy chief takes charge;charge,chief,indian,naval,college,hari,navy,staff,kumar,takes,ins,admiral;https://www.thestatesman.com/india/new-indian-navy-chief-takes-charge-1503027444.html
0;India logs 6,990 Covid cases, less than 10k for fourth straight day;stands,cases,vaccine,covid,6990,total,straight,days,crore,fourth,rate,logs,day,10k,doses,india,cent;https://www.thestatesman.com/india/india-logs-6990-covid-cases-less-10k-fourth-straight-day-1503027442.html
0;PM to inaugurate InFinity Forum on Friday;finance,forum,fintech,promote,mr,indonesia,technology,ceo,minister,chairman,inaugurate,infinity;https://www.thestatesman.com/india/pm-inaugurate-infinity-forum-friday-1503027435.html
0;WHO spl session seeking ‘pandemic treaty’ amid Omicron concerns;tedros,variant,pandemic,omicron,concerns,session,seeking,amid,countries,spl,health,world,special,treaty,south,wha;https://www.thestatesman.com/world/spl-session-seeking-pandemic-treaty-amid-omicron-concerns-1503027440.html
0;Delta variant still responsible for 99% of Covid cases globally: WHO;vaccines,responsible,cases,variant,covid,omicron,variants,transmissible,world,delta,health,swaminathan,99,severe,globally;https://www.thestatesman.com/world/delta-variant-still-responsible-99-covid-cases-globally-1503027351.html
0;Japan closes borders for overseas travellers amid Omicron scare;told,closes,variant,zimbabwe,travellers,omicron,xinhua,zambia,worstcase,temporary,amid,japan,scare,south,suspended,overseas,borders;https://www.thestatesman.com/world/japan-closes-borders-overseas-travellers-amid-omicron-scare-1503027342.html
0;US may face fifth Covid wave: Fauci on Omicron variant;cases,variant,covid,omicron,fifth,fauci,face,africa,virus,countries,thats,south,wave;https://www.thestatesman.com/world/us-may-face-fifth-covid-wave-fauci-omicron-variant-1503027336.html
0;2 Omicron variant cases detected in Australia’s New South Wales;southern,cases,variant,state,australias,omicron,africa,tested,health,south,wales,detected,passengers,14;https://www.thestatesman.com/world/2-omicron-variant-cases-detected-australias-new-south-wales-1503027193.html
0;French delegation reviews the progress of Smart City projects;mr,smart,citiis,bscl,delegation,kolkata,niua,programme,urban,projects,city,afd,reviews,progress,french;https://www.thestatesman.com/cities/bhubaneshwar/french-delegation-reviews-progress-smart-city-projects-1503027448.html
0;India’s GDP expected to grow by 8.5% YoY in Q2FY22: Acuite;improved,expected,85,acuite,q2fy22,agency,grow,indias,growth,yoy,gdp,basis,global,sector,gradual,cent;https://www.thestatesman.com/world/indias-gdp-expected-grow-8-5-yoy-q2fy22-acuite-1503026876.html
0;Sitharaman asks IT officers to provide best taxpayer services in J&K;srinagar,finance,tax,officers,asks,income,cbic,provide,sitharaman,taxpayers,services,sinha,development,cbdt,taxpayer,best,jk;https://www.thestatesman.com/business/sitharaman-asks-officers-provide-best-taxpayer-services-jk-1503026326.html
0;Airtel raises prepaid tariffs by 20%, effective from Nov 26;arpu,airtel,ultimately,20,rs,prepaid,user,26,room,tariffs,nov,effective,telecom,substantial,spectrum,raises;https://www.thestatesman.com/business/airtel-raises-prepaid-tariffs-by-20-effective-from-nov-26-1503026194.html
0;India records 15% rise in export of agricultural, processed food products;exports,products,food,usd,cent,records,15,growth,rise,million,agricultural,india,export,apriloctober,processed;https://www.thestatesman.com/business/alibaba-shares-slump-slow-chinese-spending-2-1503025714.html
0;Alibaba shares slump on slow Chinese spending;slowest,slump,report,annual,revenue,spending,slow,shares,alibaba,shopping,months,alibabas,cent,chinese;https://www.thestatesman.com/business/alibaba-shares-slump-slow-chinese-spending-1503025712.html
0;K’taka to provide eggs, bananas to over 14 lakh malnourished students;studying,students,suffering,anaemia,raichur,provide,eggs,malnutrition,programme,ktaka,yadgir,bananas,koppal,malnourished,lakh,14;https://www.thestatesman.com/lifestyle/health/ktaka-provide-eggs-bananas-14-lakh-malnourished-students-1503026803.html
0;International Meatless Day: Plant based meals ideal for holistic wellness;meat,ideal,international,day,diet,based,meals,diabetes,meatless,plantbased,holistic,food,risk,plant,foods,wellness,body,vegan,health;https://www.thestatesman.com/lifestyle/health/international-meatless-day-plant-based-meals-ideal-holistic-wellness-1503026728.html
0;book on lockdown migration launched;migrant,rambabu,migration,vinod,prakashan,lockdown,kapri,kumar,launched,seven,book,pandit,ritesh;https://www.thestatesman.com/features/long-march-home-book-lockdown-migration-launched-1503026795.html
0;Tata Literature Live! Literary Awards for 2021 announced;nonfiction,literary,book,awards,wahab,indian,live,fiction,announced,tata,yearharpercollins,truths,award,2021,literature,tragedy,won;https://www.thestatesman.com/features/tata-literature-live-literary-awards-2021-announced-1503026777.html
0;Over 18L Indian students to go for foreign education by 2024: Report;student,report,students,education,studying,indian,2024,times,total,18l,abroad,foreign,growth,research,demand;https://www.thestatesman.com/features/18l-indian-students-go-foreign-education-2024-report-2-1503026230.html
0;Heart patients may consult doctors via WhatsApp video call in Gurugram;cardiologists,facility,week,consult,visit,whatsapp,doctor,health,heart,video,centres,doctors,patients,gurugram;https://www.thestatesman.com/features/heart-patients-may-consult-doctors-via-whatsapp-video-call-gurugram-1503026227.html
0;Ranveer Singh: I’ve idolised Big B, SRK, Akshay Kumar since childhood;kumar,mainstream,singh,picture,rukh,hindi,shah,ive,akshay,khan,ranveer,idolised,b,salman,india,television,srk,big,childhood;https://www.thestatesman.com/features/ranveer-singh-ive-idolised-big-b-srk-akshay-kumar-since-childhood-2-1503026097.html
0;Ayurveda: A synergy of beauty and health;aimil,useful,ayurveda,products,synergy,line,wellbeing,health,wash,used,herbs,beauty,ayouthveda;https://www.thestatesman.com/features/ayurveda-a-synergy-of-beauty-and-health-1503025941.html
0;Osho Dham presents ‘Buddha of Gandhara’, exhibition of paintings by Artist Ma Prem Anubodhi;exhibition,artist,tribes,presents,osho,buddha,seen,rich,dham,paintings,statues,terror,world,prem,art,gandhara,ma,teachings;https://www.thestatesman.com/features/osho-dham-presents-buddha-gandhara-exhibition-paintings-artist-ma-prem-anubodhi-1503025419.html
0;Study finds anxiety cues in brain despite safe environment;disorders,researchers,findings,finds,flowers,cues,safe,volunteers,patients,anxiety,environment,despite,study,brain;https://www.thestatesman.com/supplements/science_supplements/study-finds-anxiety-cues-brain-despite-safe-environment-1503024672.html
0;Study reveals the importance of ignoring distraction while learning;mice,information,distraction,place,ignoring,cct,shock,reveals,importance,learn,training,study,memory,learning;https://www.thestatesman.com/education/study-reveals-importance-ignoring-distraction-learning-1503024281.html
0;Evolution of education trends, especially post-COVID;education,change,times,online,technology,upskilling,todays,especially,hybrid,evolution,trends,postcovid,industry,learning;https://www.thestatesman.com/education/evolution-of-education-trends-especially-post-covid-1503024195.html
0;UGC NET exams from Nov 20 to Dec 5: NTA;ugc,admit,exams,examination,20,nta,held,national,testing,net,dec,websitethe,university,nov,ugcs,examinations;https://www.thestatesman.com/education/ugc-net-exams-nov-20-dec-5-nta-1503022963.html
0;Why colleges are being targeted with ransomware attacks?;student,education,students,institutions,ransomware,targeted,sensitive,colleges,staff,data,attack,attacks;https://www.thestatesman.com/education/why-colleges-are-being-targeted-with-ransomware-attacks-1503024186.html
0;NASA’s Insight lander has revealed deep interiors of the Red Planet;interiors,revealed,lander,core,insight,planet,quake,crust,took,nasas,scientists,deep,molten,measure,mars,red;https://www.thestatesman.com/photo/nasas-insight-lander-revealed-deep-interiors-red-planet-1502986018.html
0;In Pictures: 53rd Statesman Vintage & Classic Car Rally;weather,agitation,statesman,car,violent,tewari,run,rally,vehicles,classic,pictures,farmers,notice,lives,53rd,state,vintage;https://www.thestatesman.com/photo/pictures-53rd-statesman-vintage-classic-car-rally-1502731371.html
0;Reaching the unreached: Measles Rubella campaign in riverine islands of Brahmaputra;measles,agitation,riverine,violent,tewari,unreached,brahmaputra,islands,vehicles,lives,rubella,campaign,farmers,notice,reaching,run,state,weather;https://www.thestatesman.com/photo/reaching-the-unreached-measles-rubella-campaign-in-riverine-islands-of-brahmaputra-1502727928.html
0;In Pics: An educational camp for rural Adivasi students in Raigad, Maharashtra;agitation,violent,students,tewari,educational,state,run,maharashtra,vehicles,rural,farmers,pics,notice,lives,camp,raigad,adivasi,weather;https://www.thestatesman.com/photo/in-pics-an-educational-camp-for-rural-adivasi-students-in-raigad-maharashtra-1502710912.html
0;In Pictures: Team India sweat it out ahead of series against Australia;ahead,agitation,violent,tewari,sweat,team,vehicles,lives,series,australia,pictures,farmers,notice,india,run,state,weather;https://www.thestatesman.com/sports/pictures-team-india-sweat-ahead-t20i-series-australia-1502709498.html
0;Karan Johar to Shilpa Shetty: Stars shine at Ekta Kapoor’s Diwali bash;agitation,farmers,johar,weather,karan,notice,violent,ekta,bash,stars,shetty,tewari,vehicles,shine,diwali,lives,run,shilpa,kapoors,state;https://www.thestatesman.com/photo/karan-johar-to-shilpa-shetty-stars-shine-at-ekta-kapoors-diwali-bash-1502705570.html
0;India vs West Indies, 2nd T20I: Top 5 performers - The Statesman;agitation,statesman,indies,violent,west,tewari,2nd,t20i,vs,lives,performers,vehicles,farmers,notice,india,run,state,weather;https://www.thestatesman.com/sports/pictures-india-vs-west-indies-2nd-t20i-top-5-performers-1502705617.html
0;"In Pictures: India vs West Indies, 2nd ODI; top 5 performers with the bat";agitation,performers,bat,pictures,farmers,odi,weather,indies,vs,notice,violent,tewari,vehicles,lives,india,run,west,2nd,state;https://www.thestatesman.com/sports/pictures-india-vs-west-indies-2nd-odi-top-5-performers-bat-1502700761.html
0;In pictures: Durga Puja celebrations across India;agitation,violent,tewari,puja,celebrations,vehicles,durga,lives,pictures,farmers,notice,india,run,state,weather;https://www.thestatesman.com/photo/pictures-durga-puja-celebrations-across-india-1502698027.html
0;In Pictures: Five interesting facts about Gautam Gambhir;gambhir,facts,agitation,violent,tewari,vehicles,gautam,interesting,pictures,farmers,notice,lives,run,state,weather;https://www.thestatesman.com/sports/pictures-five-interesting-facts-gautam-gambhir-1502696581.html
0;In Pictures: India vs West Indies, 2nd Test;agitation,violent,indies,west,tewari,2nd,test,vs,lives,vehicles,pictures,farmers,notice,india,run,state,weather;https://www.thestatesman.com/sports/pictures-india-vs-west-indies-2nd-test-1502696335.html
0;Glimpses from pre-Diwali Runway Rising exhibition;exhibition,agitation,violent,tewari,state,glimpses,rising,vehicles,prediwali,farmers,notice,lives,run,runway,weather;https://www.thestatesman.com/photo/glimpses-pre-diwali-runway-rising-exhibition-1502695893.html
0;In Pictures: 5 lesser known facts about Hardik Pandya;facts,agitation,pandya,violent,tewari,lesser,vehicles,hardik,pictures,known,farmers,notice,lives,run,state,weather;https://www.thestatesman.com/sports/pictures-5-lesser-known-facts-hardik-pandya-1502695525.html
0;In pics: Indian Air Force celebrates its 86th anniversary;agitation,violent,force,celebrates,indian,tewari,vehicles,air,farmers,pics,notice,lives,86th,run,anniversary,state,weather;https://www.thestatesman.com/photo/in-pics-indian-air-force-celebrates-its-86th-anniversary-1502694723.html
0;"In Pictures: India vs West Indies; top 5 performers with bat";agitation,violent,indies,west,tewari,vs,lives,performers,vehicles,bat,pictures,farmers,notice,india,run,state,weather;https://www.thestatesman.com/sports/pictures-india-vs-west-indies-top-5-performers-bat-1502693605.html
0;In Pictures: India vs West Indies, 1st Test;agitation,violent,indies,west,tewari,test,vs,lives,vehicles,pictures,farmers,notice,india,1st,run,state,weather;https://www.thestatesman.com/sports/pictures-india-vs-west-indies-1st-test-1502693245.html
0;In pics: Sharp ‘Shooter Daadi’;agitation,violent,tewari,daadi,vehicles,shooter,farmers,pics,sharp,notice,lives,run,state,weather;https://www.thestatesman.com/photo/in-pics-sharp-shooter-daadi-1502692691.html
0;ARCI and Nsure sign agreement to set up Li-ion battery fabrication lab;centre,liion,nsure,battery,arci,technology,materials,lab,transfer,energy,fabrication,set,agreement,technical,sign,solutions;https://www.thestatesman.com/technology/arci-nsure-sign-agreement-set-li-ion-battery-fabrication-lab-1503027079.html
0;Crypto assets big threat to people, climate: Swedish authorities;electricity,financial,climate,assets,threat,emissions,big,cryptoassets,mining,cryptocurrencies,large,swedish,india,supervisory,authorities,crypto;https://www.thestatesman.com/technology/crypto-assets-big-threat-people-climate-swedish-authorities-1503026878.html
0;Oppo Reno7 series to feature Sony IMX709 sensor;feature,selfie,company,version,oppo,series,sensor,light,pro,reno7,sony,imx709;https://www.thestatesman.com/technology/gadgets/oppo-reno7-series-feature-sony-imx709-sensor-1503026624.html
0;WhatsApp working on letting users hide last seen status from specific people;working,hide,specific,seen,contacts,status,beta,settings,whatsapp,privacy,finally,users,letting;https://www.thestatesman.com/technology/apps/whatsapp-working-letting-users-hide-last-seen-status-specific-people-1503026590.html
0;Spotify rolls out lyrics feature globally for free, paying users;feature,spotify,lyrics,paying,offered,verge,rolls,social,provided,free,tvs,markets,users,globally,musixmatch;https://www.thestatesman.com/technology/apps/spotify-rolls-lyrics-feature-globally-free-paying-users-1503025875.html
0;Discord now lets users send up to 10 files at a time;feature,files,send,accessibility,lets,adding,preview,text,alt,desktop,support,users,discord;https://www.thestatesman.com/technology/apps/discord-now-lets-users-send-10-files-time-1503025803.html
0;Microsoft, AWS prepare for new Pentagon $10 bn Cloud contract;microsoft,pentagon,aws,prepare,amazon,bn,jedi,services,contract,cloud,billion,won;https://www.thestatesman.com/technology/microsoft-aws-prepare-new-pentagon-10-bn-cloud-contract-1503025800.html
0;Google is bringing fix for update that erased major Pixel 6 feature;feature,update,tool,bringing,pixel,erased,verge,major,photos,issue,fix,google,magic,removed;https://www.thestatesman.com/technology/apps/google-bringing-fix-update-erased-major-pixel-6-feature-1503025790.html
0;Prasar Bharati moving towards direct-to-mobile broadcasting;bharati,prasar,picture,summit,radio,broadcasting,content,world,smartphones,receive,directtomobile,moving,opportunities,global;https://www.thestatesman.com/technology/apps/prasar-bharati-moving-towards-direct-mobile-broadcasting-1503025379.html
0;Battlegrounds Mobile India Partners with Riot Games;riot,update,mobile,battlegrounds,partners,partnerships,players,world,game,partnership,bring,india,bgmi,games;https://www.thestatesman.com/technology/battlegrounds-mobile-india-partners-riot-games-1503024991.html
0;Fire TV brings new Alexa voice feature to Netflix;feature,laughs,brings,netflix,fast,play,voice,tv,android,launched,alexa,watch;https://www.thestatesman.com/technology/fire-tv-brings-new-alexa-voice-feature-netflix-1503024986.html
0;Krafton removes 25L accounts to eradicate cheating in BGMI;update,evoground,krafton,version,eradicate,zombie,social,removes,players,month,accounts,game,cheating,bgmi,popular,25l;https://www.thestatesman.com/technology/krafton-removes-25l-accounts-eradicate-cheating-bgmi-1503024762.html
0;Huawei, Haier, China Mobile unveil 5G solutions for smart manufacturing;huawei,vision,manufacturing,manufacturers,smart,haier,mobile,technologies,safety,5g,unveil,solutions,china;https://www.thestatesman.com/technology/huawei-haier-china-mobile-unveil-5g-solutions-smart-manufacturing-1503024742.html
0;World’s 1st commercially available chip by Intel turns 50;microprocessors,commercially,software,intel,possible,chip,available,technology,turns,worlds,computing,4004,1st,modern,50,chips,size;https://www.thestatesman.com/technology/worlds-1st-commercially-available-chip-by-intel-turns-50-1503024714.html
0;Google Cloud hires IBM India CTO as director, customer engineering for India operations;named,customer,director,cto,technology,ibm,engineering,natarajan,cloud,operations,google,hires,india,including,work;https://www.thestatesman.com/technology/google-cloud-hires-ibm-india-cto-director-customer-engineering-india-operations-1503024680.html
0;COP26: Invest in nature to win on climate, says Google;changes,climate,natural,earth,technology,surface,nature,need,earths,google,change,win,invest,cop26;https://www.thestatesman.com/technology/cop26-invest-nature-win-climate-says-google-1503024458.html
0;ITF Women’s Tour: Renne, Laalitya cruise into 2nd round of qualifiers;lost,bt,games,qualifiers,renne,cruise,2nd,63,61,round,laalitya,set,second,game,womens,tour,itf;https://www.thestatesman.com/sports/itf-womens-tour-renne-laalitya-cruise-2nd-round-qualifiers-1503027270.html
0;Ashes finale at Perth? It’s 50-50 chance, says WACA chief;waca,chief,5050,western,test,broadcast,chance,perth,ashes,finale,australia,cricket,players,thing,matthews;https://www.thestatesman.com/sports/ashes-finale-perth-50-50-chance-says-waca-chief-1503027267.html
0;We have been giving a lot of batting to tail-enders, says Rathour;tailenders,lot,past,team,runs,giving,extremely,second,rathour,saha,important,batting;https://www.thestatesman.com/sports/giving-lot-batting-tail-enders-says-rathour-1503027264.html
0;1st Test: Bangladesh 39/4 at stumps, lead Pakistan by 89 runs on Day 3;taijul,bangladesh,89,test,pakistan,runs,ali,day,stumps,394,went,1st,islam,lead;https://www.thestatesman.com/sports/1st-test-bangladesh-39-4-stumps-lead-pakistan-89-runs-day-3-1503027261.html
0;Six Sri Lanka women cricketers test COVID positive in Zimbabwe;travel,variant,zimbabwe,lanka,covid,test,cup,sri,women,cricket,countries,world,cricketers,south,positive;https://www.thestatesman.com/sports/six-sri-lanka-women-cricketers-test-covid-positive-zimbabwe-1503027258.html
0;PV Sindhu beats Yujin, sets up semifinal clash against Intanon;sets,2114,open,shuttler,indonesia,clash,beats,yujin,game,semifinal,2119,match,intanon,pv,sindhu,opening;https://www.thestatesman.com/sports/indonesia-open-sindhu-beats-yujin-sets-semifinal-clash-intanon-1503026910.html
0;Manpreet to lead hockey team in Asian Champions Trophy;trophy,manpreet,hockey,squad,team,asian,players,champions,pakistan,kumar,india,match,singh,lead;https://www.thestatesman.com/sports/manpreet-lead-hockey-team-asian-champions-trophy-1503026903.html
0;Rio Olympics boss Nuzman sentenced to 30 years in prison;votes,sentenced,nuzman,30,olympics,president,gryner,diack,prison,olympic,soares,role,criminal,boss,rio;https://www.thestatesman.com/sports/rio-olympics-boss-nuzman-sentenced-30-years-prison-1503026897.html
0;INDv/sNZ, First Test: Shreyas Iyer scores maiden Test century on debut;reached,century,score,test,shreyas,indian,iyer,batter,runs,maiden,scores,debut,second,india,indvsnz;https://www.thestatesman.com/sports/indv-snz-first-test-shreyas-iyer-scores-maiden-test-century-debut-1503026880.html
0;F1: Hamilton wins in Qatar, closes down on leader Verstappen;start,closes,verstappen,took,leader,wins,position,alpine,qatar,hamilton,grid,second,mercedes,driver,f1;https://www.thestatesman.com/sports/f1-hamilton-wins-qatar-closes-leader-verstappen-1503026138.html
0;Lukaku, Kovacic out of Chelsea’s trip to Leicester;trip,premier,romelu,lukaku,leicester,team,squad,kovacic,league,game,training,tuchel,mateo,chelseas;https://www.thestatesman.com/sports/lukaku-kovacic-chelseas-trip-leicester-1503025813.html
0;Structure of the team has improved a lot: Jr hockey captain Vivek Sagar Prasad;improved,tournament,hockey,academy,young,lot,cup,team,sagar,players,captain,vivek,india,jr,world,junior,prasad,structure;https://www.thestatesman.com/sports/structure-team-improved-lot-jr-hockey-captain-vivek-sagar-prasad-1503025806.html
0;Can double masking for long cause breathing problems?;double,distancing,masking,cause,wearing,problems,countries,vaccination,mask,masks,breathing,surgical,worn,cent,long;https://www.thestatesman.com/lifestyle/health/can-double-masking-long-cause-breathing-problems-1503026578.html
0;Anaemia among kids, women major concern nationwide: Survey;survey,kids,nationwide,anaemia,concern,increase,major,women,allindia,indicators,health,statesuts,level,phaseii,cent;https://www.thestatesman.com/lifestyle/health/anaemia-among-kids-women-major-concern-nationwide-survey-1503026569.html
0;Pankaj Dubey hopes to adapt his book ‘One String Attached’ into a film;string,book,vacuum,dubey,attached,love,unrequited,tribute,film,hopes,transform,great,pankaj,adapt;https://www.thestatesman.com/lifestyle/variety/pankaj-dubey-hopes-adapt-book-one-string-attached-film-1503026420.html
0;Study says higher coffee intake prevents development of Alzheimer’s disease;prevents,intake,coffee,cup,cognitive,disease,development,day,research,higher,study,brain,gardener,alzheimers;https://www.thestatesman.com/lifestyle/health/study-says-higher-coffee-intake-prevents-development-alzheimers-disease-1503026385.html
0;‘Idly on stick’ post by Anand Mahindra ignites debate;sambhar,mahindra,post,responses,chutney,stated,idli,sticks,anand,waste,stick,debate,innovation,ignites,idly;https://www.thestatesman.com/lifestyle/food/idly-stick-post-anand-mahindra-ignites-debate-1503026219.html
0;Study: Exercise increases body’s own ‘cannabis’ which reduces chronic inflammation;inflammation,levels,exercise,gut,microbes,reduces,increases,bodys,called,intervention,cannabis,chronic,substances,antiinflammatory,arthritis,study;https://www.thestatesman.com/lifestyle/health/study-exercise-increases-bodys-cannabis-reduces-chronic-inflammation-1503026177.html
0;Adopting plant based diet relieves migraine symptoms: Study;adopting,report,green,migraines,vegetables,life,relieves,months,headaches,symptoms,plant,diet,study,based,man,migraine;https://www.thestatesman.com/lifestyle/health/adopting-plant-based-diet-relieves-migraine-symptoms-study-1503026146.html
0;Manushi Chhillar roped in for Unicef’s nationwide youth campaign;ideas,unicefs,nationwide,young,miss,skills,youth,opportunities,need,chhillar,engaging,campaign,world,urgent,manushi,roped;https://www.thestatesman.com/lifestyle/variety/manushi-chhillar-roped-unicefs-nationwide-youth-campaign-1503025755.html
0;Khadi in bridal wear fashion show says its all;khadi,silk,board,western,lehengas,clothes,wear,highlight,bridal,fabric,fashion,gramodyog;https://www.thestatesman.com/lifestyle/fashion/khadi-bridal-wear-fashion-show-says-1503025731.html
0;Some people still working from beds, closets, couches in pandemic;experience,working,couches,report,pandemic,space,workspace,remotely,professional,beds,video,closets,work;https://www.thestatesman.com/lifestyle/health/people-still-working-beds-closets-couches-pandemic-2-1503025726.html
0;Gurupurab 2021: A sneak-peek into a Sikh family’s kitchen;kitchen,nanak,rice,gurupurab,sneakpeek,served,wheat,guru,sikh,sahib,dal,familys,2021,roti,langar,prepared;https://www.thestatesman.com/lifestyle/food/gurupurab-2021-sneak-peek-sikh-familys-kitchen-1503025700.html
0;Study finds kids and adults make inferences differently;inferences,differently,kids,finds,child,memories,adults,children,different,study,memory,strategies,preston,learning;https://www.thestatesman.com/lifestyle/health/study-finds-kids-adults-make-inferences-differently-1503025323.html
0;Govt. willing to discuss every issue in Parliament: PM;willing,country,govt,spirit,freedom,discuss,session,crore,issue,parliament,media,positive,noted,resolution;https://www.thestatesman.com/india/govt-willing-discuss-every-issue-parliament-pm-1503027379.html
0;12 Rajya Sabha MPs suspended for rest of Winter Session over ‘indiscipline’ during Monsson Session;rajya,indiscipline,suspension,rest,winter,mps,monsson,session,house,members,day,12,suspended,sabha;https://www.thestatesman.com/india/12-rajya-sabha-mps-suspended-rest-winter-session-indiscipline-monsson-session-1503027368.html
0;Never witnessed bill passage without Opposition being allowed to speak: Jaya Bachchan;laws,passage,rajya,allowed,repeal,bachchan,opposition,bill,mp,point,parliament,jaya,passed,witnessed,sabha,speak;https://www.thestatesman.com/india/never-witnessed-bill-passage-without-opposition-allowed-speak-jaya-bachchan-1503027360.html
0;Improvement in Delhi’s AQI in 2020, compared to 2019: Centre informs LS;centre,index,ls,delhis,2020,winter,2019,air,pm10,improvement,quality,delhi,pm25,compared,aqi,informs,pollution,ministry,cent;https://www.thestatesman.com/india/improvement-delhis-aqi-2020-compared-2019-centre-informs-ls-1503027354.html
0;Farm Laws Repeal Bill passed in Rajya Sabha too;laws,rajya,repeal,sloganeering,voice,bill,opposition,lok,farm,farmers,2020,sabha,passed;https://www.thestatesman.com/india/farm-laws-repeal-bill-passed-rajya-sabha-1503027348.html
0;AIR open studios for voicing representing Young India;voices,country,young,educational,institutions,studios,voicing,youth,airnxt,air,radio,india,open,youthcentric,representing;https://www.thestatesman.com/india/air-open-studios-for-voicing-representing-young-india-1503027321.html
0;Security tightened in Delhi as winter session of Parliament begins;laws,delhi,tightened,usd,flag,winter,security,begins,announced,session,farm,day,parliament;https://www.thestatesman.com/india/security-tightened-delhi-winter-session-parliament-begins-1503027319.html
0;UP’s first tribal museum to be ready in 2022;village,tribal,construction,uttar,2022,work,museum,highlight,culture,tharu,ready,tribe,ups,state;https://www.thestatesman.com/uttar-pradesh/ups-first-tribal-museum-ready-2022-1503017542.html
0;How to be a tourist in India;experience,travel,tourist,wellness,rides,visit,travelers,markets,stay,india,varkala,cent;https://www.thestatesman.com/travel/how-to-be-a-tourist-in-india-1503012399.html
0;PM Modi on World Tourism Day: Hospital and Hospitality should go hand in hand;hospital,hospitality,hand,indian,healthcare,medical,vaccinated,world,health,modi,day,having,doctors,india,tourism;https://www.thestatesman.com/india/pm-modi-world-tourism-day-hospital-hospitality-go-hand-hand-1503012354.html
0;Hosted travel is key across generations and demographic groups;communities,travel,flexible,generations,demographic,groups,hosted,airbnb,travelers,india,stay,key,destinations,unique,hosts;https://www.thestatesman.com/travel/hosted-travel-key-across-generations-demographic-groups-1503011821.html
0;5 stunning Indian destinations for remote work;wildlife,working,destination,indian,remote,hill,options,station,stay,stunning,varkala,destinations,work;https://www.thestatesman.com/lifestyle/5-stunning-indian-destinations-remote-work-1503003768.html
0;Soaring to new heights, Dubai’s tallest buildings;soaring,heights,tower,views,hotel,dubai,tallest,world,trade,worlds,buildings,metres,dubais,designed;https://www.thestatesman.com/travel/soaring-new-heights-dubais-tallest-buildings-1503003730.html
0;IHG Hotels & Resorts expands footprint in Nepal with Holiday Inn express and suites;express,ihg,hotel,brand,expands,hotels,inn,resorts,footprint,travellers,kathmandu,nepal,holiday,suites;https://www.thestatesman.com/travel/ihg-hotels-resorts-expands-footprint-nepal-holiday-inn-express-suites-1503001610.html
0;In Ladakh, Airbnb & SEWA hosts will offer a unique and immersive experience;experience,help,sewa,immersive,women,partnership,airbnb,india,offer,ladakh,community,unique,hosts,tourism;https://www.thestatesman.com/features/ladakh-airbnb-sewa-hosts-will-offer-unique-immersive-experience-1503000761.html
0;Sri Lanka opens its borders to Indian tourists;ceylon,travel,resplendent,lanka,safari,indian,opens,sri,safety,tea,resorts,sea,tourists,borders;https://www.thestatesman.com/lifestyle/sri-lanka-opens-borders-indian-tourists-1502998633.html
0;Madikeri hills witness Neelakurinji bloom after 12 years;varieties,witness,bloom,neelakurinji,love,madikeri,natures,12,flowers,witnessing,hills,witnessed,flower,region;https://www.thestatesman.com/india/madikeri-hills-witness-neelakurinji-bloom-12-years-1502996872.html
0;Delhi & Mumbai: Top searched domestic destinations;delhi,travel,indian,travellers,ease,mumbai,forward,international,searched,restrictions,destinations,looking,domestic;https://www.thestatesman.com/travel/delhi-mumbai-top-searched-domestic-destinations-1502992972.html
0;Survey reveals domestic and international travel preferences of Indian travellers;survey,travel,preferences,indian,travellers,accommodation,reveals,international,searched,bookingcom,2021,destinations,looking,domestic;https://www.thestatesman.com/lifestyle/survey-reveals-domestic-international-travel-preferences-indian-travellers-1502991924.html
0;Planning to send your child abroad to study, here’s the checklist;send,checklist,education,right,kids,planning,child,abroad,process,trust,university,heres,study,ready,work;https://www.thestatesman.com/education/planning-send-child-abroad-study-heres-checklist-1503021867.html
0;A paradigm shift in online education segment;segment,paradigm,education,students,allow,online,classrooms,content,learning,teachers,access,learners,shift;https://www.thestatesman.com/education/paradigm-shift-online-education-segment-1503021776.html
0;Ashoka University conference puts spotlight on increasing opportunities in higher education for students with dyslexia;dyslexia,spotlight,conference,students,education,institutions,increasing,need,puts,university,india,higher,support,opportunities,learning;https://www.thestatesman.com/education/ashoka-university-conference-puts-spotlight-increasing-opportunities-higher-education-students-dyslexia-1503021720.html
0;Role of teachers in the life of students preparing for competitive exams;student,students,exams,preparing,understand,appearing,life,approach,competition,role,competitive,teachers,teacher,help;https://www.thestatesman.com/education/role-of-teachers-in-the-life-of-students-preparing-for-competitive-exams-1503020966.html
0;IIT Bombay social body Abhyuday organises Action Plan Competition to promote Social Entrepreneurship among Indian youth;promote,indian,youth,entrepreneurship,social,competition,teams,abhyuday,iit,organises,bombay,action,opportunities,plan,long;https://www.thestatesman.com/education/iit-bombay-social-body-abhyuday-organises-action-plan-competition-promote-social-entrepreneurship-among-indian-youth-1503020726.html
0;Delhi University to come up with special cut-off list;delhi,admissions,seats,admission,college,colleges,university,come,courses,science,cutoff,candidates,special,list;https://www.thestatesman.com/education/delhi-university-to-come-up-with-special-cut-off-list-1503019893.html
0;World University of Design presents CULT 2021: India’s only Virtual Inter- College Annual Design & Cultural Festival;cult,students,presents,young,festival,cultural,indias,virtual,competition,world,university,art,design,2021,inter;https://www.thestatesman.com/education/world-university-design-presents-cult-2021-indias-virtual-inter-college-annual-design-cultural-festival-1503019286.html
0;LSAC to administer LSAT—India™ 2022 in January and May 2022 for law school aspirants;law,aspirants,students,test,lsatindia,online,administer,2022,lsac,register,india,school;https://www.thestatesman.com/education/lsac-administer-lsat-india-2022-january-may-2022-law-school-aspirants-1503018845.html
0;Super-100 Programme: 26 Haryana govt school students clear JEE advanced;haryana,jee,super100,students,govt,advanced,state,spokesperson,examination,test,26,programme,special,category,school,clear;https://www.thestatesman.com/cities/chandigarh/super-100-programme-26-haryana-govt-school-students-clear-jee-advanced-1503018564.html
0;Schools to reopen for 8, 11 standard students from Oct 21 as COVID infection declines in Odisha;class,standard,teaching,students,covid,21,state,trend,reopen,oct,taken,strict,declines,schools,classes,infection,trajectory,odisha;https://www.thestatesman.com/cities/schools-reopen-8-11-standard-students-oct-21-covid-infection-declines-odisha-1503018118.html
0;World Student’s Day: How a dual-teacher model can redefine online education;teaching,students,education,educational,twoteacher,online,system,dualteacher,model,world,redefine,day,teachers,teacher,help,learning;https://www.thestatesman.com/education/world-students-day-how-a-dual-teacher-model-can-redefine-online-education-1503018090.html
0;Maths, history, science now compulsory in UP madrasas;decided,ncert,students,education,board,taught,compulsory,madrasa,syllabus,maths,madrasas,subjects,history,science,committee;https://www.thestatesman.com/education/maths-history-science-now-compulsory-madrasas-1503017534.html
0;Wellington college international partners with Unison group to open schools in India;uk,wci,partners,pune,leading,college,international,schools,unison,school,india,group,open,wellington;https://www.thestatesman.com/education/wellington-college-international-partners-unison-group-open-schools-india-1503016995.html
0;Odisha civil service topper who failed in clerk recruitment exam;service,examination,failed,recruitment,civil,job,list,exam,feat,tech,panda,success,clerk,topper,elder,odisha,private;https://www.thestatesman.com/cities/odisha-civil-service-topper-failed-clerk-recruitment-exam-1503016756.html
0;Old pattern of NEET exam this year, Centre tells SC;centre,changes,told,court,students,neet,supreme,scheme,exam,old,sc,ss,tells,2021,pattern;https://www.thestatesman.com/education/old-pattern-neet-exam-year-centre-tells-sc-1503015510.html
0;Odisha professor gets environmental excellence award;presented,2021,agricultural,institute,gets,environmental,professor,esda,sciences,environment,award,excellence,prof,behera,odisha;https://www.thestatesman.com/education/odisha-professor-gets-environmental-excellence-award-1503015188.html
0;Delhi Police bust racket involved in printing pirated NCERT books;ncert,delhi,involved,books,allegedly,printing,unit,racket,bust,sellers,supplied,pirated;https://www.thestatesman.com/education/delhi-police-bust-racket-involved-printing-pirated-ncert-books-1503015145.html
0;HP bypolls: 57 per cent voting recorded for Mandi LS seat, 3 assembly segments;seat,bypolls,mandi,ls,assembly,hp,voting,lok,polling,segments,recorded,district,sabha,cent,jubbal;https://www.thestatesman.com/cities/hp-bypolls-57-per-cent-voting-recorded-mandi-ls-seat-3-assembly-segments-1503022021.html
0;Two Army personnel killed in explosion;routine,personnel,killed,occurred,patrolling,succumbed,explosion,army,shifted,reaching,sector,rajouri;https://www.thestatesman.com/india/two-army-personnel-killed-explosion-1503022024.html
0;Mehbooba seeks PM Modi’s intervention for release of Kashmiri students arrested for celebrating Pakistan’s win over India;release,kashmiri,jk,modis,students,young,sense,told,youth,mehbooba,especially,india,wrote,visit,intervention,win,seeks,state,pakistans;https://www.thestatesman.com/india/mehbooba-seeks-pm-modis-intervention-release-kashmiri-students-arrested-celebrating-pakistans-win-india-1503022012.html
0;Alliance Air flights connecting city, Patna, Lucknow from 1 Nov;patna,connecting,alliance,connect,flights,kolkata,rs,depart,air,arrive,city,highlighted,lucknow,nov,flight,connectivity;https://www.thestatesman.com/bengal/alliance-air-flights-connecting-city-patna-lucknow-from-1-nov-1503021949.html
0;Nikki and Zeel are National Tennis champions;good,played,big,tennis,national,nikki,champions,set,second,final,zeel;https://www.thestatesman.com/sports/nikki-and-zeel-are-national-tennis-champions-1503022018.html
0;Trinamul panel to prepare for Siliguri civic polls;party,prepare,panel,siliguri,mr,trinamul,sevenmember,held,ghosh,civic,tomorrow,district,polls,state,committee;https://www.thestatesman.com/bengal/trinamul-panel-to-prepare-for-siliguri-civic-polls-1503021967.html
0;65 children among 374 infected with Covid-19 in last 24 hours;cases,district,infected,total,districts,65,covid19,374,active,states,samples,children,rate,number,24,hours;https://www.thestatesman.com/cities/bhubaneshwar/65-children-among-374-infected-covid-19-last-24-hours-1503021913.html
0;HP Guv evinces keen interest in proposed ethno-botanical garden project;interest,proposed,wetlands,governor,keen,garden,officers,natural,evinces,ethnobotanical,hp,una,various,district,bird,project,guv,watchers;https://www.thestatesman.com/cities/shimla/hp-guv-evinces-keen-interest-proposed-ethno-botanical-garden-project-1503027382.html
0;CEO Delhi urged all citizens to reap the benefits of the Special Summary Revision;ssr,delhi,names,reap,citizens,voters,voter,polling,revision,ceo,stations,benefits,urged,singh,summary,special;https://www.thestatesman.com/cities/delhi/ceo-delhi-urged-citizens-reap-benefits-special-summary-revision-1503027375.html
0;HP bypolls result won’t have any impact on 2022 assembly polls: Jai Ram;bypolls,dharampur,assembly,ram,wont,result,results,congress,developmental,jai,leadership,impact,polls,area,pandemic,hp,2022,leaders,vidhan,state;https://www.thestatesman.com/cities/shimla/hp-bypolls-result-wont-impact-2022-assembly-polls-jai-ram-1503027371.html
0;Another tiger dies in MP, toll mounts to 40;madhya,tiger,mounts,dies,state,reported,tigress,toll,mp,forest,reserve,40,dead,pradesh,official;https://www.thestatesman.com/cities/another-tiger-dies-mp-toll-mounts-40-1503027362.html
0;Sisodia again asks Punjab govt for details of edu infrastructure;details,delhi,govt,edu,education,asks,sisodia,infrastructure,children,punjab,schools,training,minister,list;https://www.thestatesman.com/cities/delhi/sisodia-asks-punjab-govt-details-edu-infrastructure-1503027346.html
0;42 students at Telangana residential school test positive for Covid;students,residential,covid,42,test,tested,telangana,tests,staff,district,members,positive,authorities,school;https://www.thestatesman.com/cities/42-students-telangana-residential-school-test-positive-covid-1503027339.html
0;K’taka doctors on indefinite protest for Covid risk allowance;indefinite,covid,protest,rs,allowance,ktaka,risk,release,karnataka,doctors,resident,association;https://www.thestatesman.com/cities/ktaka-doctors-indefinite-protest-covid-risk-allowance-1503027329.html
0;Shimla Int’l Film Festival concludes, CM vows to promote film industry in HP;shimla,promote,state,cm,festival,shoot,intl,concludes,filmmakers,hp,international,films,film,himachal,vows,based,industry;https://www.thestatesman.com/cities/shimla/shimla-intl-film-festival-concludes-cm-vows-promote-film-industry-hp-1503027313.html
0;Centre paying special attention towards Odisha’s ongoing rail projects: Aswwini Vaishnaw;centre,odishas,ongoing,sundargarh,paying,aswwini,sunakhani,railways,railway,special,vaishnaw,projects,attention,kms,talcher,project,rail;https://www.thestatesman.com/cities/bhubaneshwar/centre-paying-special-attention-towards-odishas-ongoing-rail-projects-aswwini-vaishnaw-1503027309.html
0;NGT imposes Rs 2 crore fine on JSPL for diverting natural course of water body;jspl,diverting,tribunal,natural,course,rs,nandira,parang,nalla,crore,ngt,imposes,river,plant,water,fine,state,diversion;https://www.thestatesman.com/cities/bhubaneshwar/ngt-imposes-rs-2-crore-fine-jspl-diverting-natural-course-water-body-1503027307.html
0;‘Vax’ is Oxford English Dictionary’s 2021 word of the year;words,pandemic,oxford,vax,reported,dictionarys,vaccination,usage,english,2021,word,related;https://www.thestatesman.com/features/vax-oxford-english-dictionarys-2021-word-year-1503024960.html
0;Alpha Covid variant detected in dogs, cats with severe myocarditis;pets,affected,dogs,variant,covid,animals,infected,sarscov2,covid19,alpha,myocarditis,cats,detected,severe;https://www.thestatesman.com/features/alpha-covid-variant-detected-dogs-cats-severe-myocarditis-1503024928.html
0;Children’s Day special: Renew resolve to improve access to quality education;resolve,quality,organizations,improve,education,students,indian,society,renew,children,day,programs,access,childrens,special,learning;https://www.thestatesman.com/features/childrens-day-special-renew-resolve-improve-access-quality-education-1503024405.html
0;No sandal on foot, but Padma Shree in hand;hajabba,awards,hand,shree,sandal,foot,work,person,padma,award,harekala,village,ji,school;https://www.thestatesman.com/features/no-sandal-on-foot-but-padma-shree-in-hand-1503024175.html
0;Mahindra University School of Law organizes lecture on ‘The Status of Child Rights in India’;mahindra,law,rights,status,organizes,act,child,protection,lecture,approach,dr,university,india,legal,school;https://www.thestatesman.com/features/mahindra-university-school-of-law-organizes-lecture-on-the-status-of-child-rights-in-india-1503023564.html
0;Skills vs College Degrees: Key element reinventing the future of work;degrees,students,skills,future,learning,vs,element,college,world,colleges,jobs,key,modern,work,reinventing;https://www.thestatesman.com/features/skills-vs-college-degrees-key-element-reinventing-the-future-of-work-1503021796.html
0;Why Diwali is considered best time for investment in home;customers,offers,developers,investment,real,estate,festive,dream,diwali,best,invest,considered,sector;https://www.thestatesman.com/features/diwali-considered-best-time-investment-home-1503021086.html
0;IRCTC to operate series departure of Shri Ramayana Yatra trains for pilgrims;yatra,pilgrims,tourist,ramayana,package,departure,irctc,series,train,operate,shri,trains,tour,tourism;https://www.thestatesman.com/features/irctc-operate-series-departure-shri-ramayana-yatra-trains-pilgrims-1503020944.html
0;Clouds engulf half of China’s sky;party,xi,engulf,political,pengs,ccp,peng,sky,half,chinas,communist,china,public,clouds,chinese;https://www.thestatesman.com/opinion/clouds-engulf-half-chinas-sky-1503027169.html
0;Govt. deserves praise for farm laws’ repeal;laws,govt,commitment,course,farming,repeal,water,farm,struggle,farmers,praise,democracy,movement,democratic,deserves;https://www.thestatesman.com/opinion/govt-deserves-praise-farm-laws-repeal-1503027161.html
0;Multi-pronged approach to gender violence;sisters,gender,young,minds,society,women,approach,children,day,violence,multipronged,mirabel,girls;https://www.thestatesman.com/opinion/multi-pronged-approach-gender-violence-1503026833.html
0;Zendaya-starrer ‘Euphoria’ season two unveils first trailer, release date;date,euphoria,season,younger,unveils,trailer,series,serves,zendayastarrer,second,schafer,reid,rue,release,zendaya;https://www.thestatesman.com/entertainment/hollywood/zendaya-starrer-euphoria-season-two-unveils-first-trailer-release-date-1503026632.html
0;15 films lined up for International Competition at 52nd IFFI in Goa;dir,certificate,festival,52nd,lined,competition,international,films,15,film,peacock,cash,best,prize,india,iffi,goa;https://www.thestatesman.com/entertainment/hollywood/15-films-lined-international-competition-52nd-iffi-goa-1503026455.html
0;Shahid Kapoor’s ‘Jersey’ poster smashes it out of the park!;audience,seen,shahid,jersey,trailer,kapoor,smashes,poster,kapoors,film,release,park,gill;https://www.thestatesman.com/entertainment/bollywood/shahid-kapoors-jersey-poster-smashes-park-1503026450.html
0;‘Bigg Boss 15’: Jay, Vishal in ugly spat, Abhijit wants to be Prime Minister!;asked,wants,vishal,vishals,virtuallythe,prime,bigg,verbal,spat,ugly,jay,wild,abhijit,minister,boss;https://www.thestatesman.com/entertainment/television/bigg-boss-15-jay-vishal-ugly-spat-abhijit-wants-prime-minister-1503026446.html
0;Proud dad Big B gushes over Abhishek’s ‘Bob Biswas’ trailer;youll,proud,son,wordplay,big,zee5,usthis,trailer,b,gushes,bob,dad,abhisheks,film,biswas;https://www.thestatesman.com/entertainment/bollywood/proud-dad-big-b-gushes-abhisheks-bob-biswas-trailer-1503026443.html
0;Salman Khan, Abhishek Bachchan to appear as special guests on ‘Sa Re Ga Ma Pa’;guests,screen,films,yes,abhishek,going,appear,ma,special,tvwith,khan,vishal,bachchan,ga,tv,truth,zee,salman,pa,upcoming;https://www.thestatesman.com/entertainment/television/salman-khan-abhishek-bachchan-appear-special-guests-sa-re-ga-ma-pa-1503026414.html
0;Akash Choudhary: Ever since I was a kid, my dream was to be famous;wanted,akash,getting,acting,loved,dream,couple,famous,bhagya,actor,kid,choudhary,really,lakshmi;https://www.thestatesman.com/entertainment/television/akash-choudhary-ever-since-kid-dream-famous-1503026116.html
0;Director Mandhira Moorthy’s film with Sasikumar titled ‘Ayodhi’;yashpal,sasikumar,connect,ayodhi,theme,madurai,moorthys,director,titled,r,film,mandhira;https://www.thestatesman.com/entertainment/tamil_cinema/director-mandhira-moorthys-film-sasikumar-titled-ayodhi-1503026112.html
0;I enjoy playing grey and negative roles: Arpana Agarwal;typecast,enjoys,negative,playing,getting,enjoy,grey,arpana,agarwal,roles,character,mind,manthara,vrinda,actress;https://www.thestatesman.com/entertainment/television/enjoy-playing-grey-negative-roles-arpana-agarwal-1503026106.html
0;Income Tax Dept. conducts search operations on two real estate developers;tax,developers,dept,unaccounted,seizure,sale,real,estate,conducts,receipt,evidence,groups,operations,onmoney,income,search,cash,property;https://www.thestatesman.com/business/income-tax-dept-conducts-search-operations-two-real-estate-developers-1503027075.html
0;Sundaram AMC gets SEBI’s nod to acquire Principal India;management,finance,pvt,schemes,nod,sebis,gets,acquire,sundaram,india,asset,amc,principal;https://www.thestatesman.com/business/sundaram-amc-gets-sebis-nod-acquire-principal-india-1503025710.html
0;"Markets open on positive note; stocks of Zomato, Asian Paints in green";sensex,green,opened,026,early,session,asian,paints,note,points,trading,markets,zomato,positive,trade,open,morning,stocks;https://www.thestatesman.com/business/markets-open-positive-note-stocks-zomato-asian-paints-green-1503025416.html
0;Petrol, diesel prices unchanged for fortnight;litre,duty,diesel,petrol,rs,price,fortnight,prices,remained,level,unchanged;https://www.thestatesman.com/business/petrol-diesel-prices-unchanged-fortnight-1503025411.html
0;SAIL supplies 48,200 tonnes of Steel to Purvanchal Expressway;48200,western,expressway,projects,officer,steel,ministry,sail,tonnes,supplied,various,purvanchal,supplies;https://www.thestatesman.com/business/sail-supplies-48200-tonnes-steel-purvanchal-expressway-1503025338.html
0;General insurers in India, China, Indonesia may reduce exposure to coal industry gradually: Moody’s;exposure,exposures,general,insurers,economies,investment,indonesia,coal,gradually,apac,moodys,reduce,coalrelated,india,stable,industry;https://www.thestatesman.com/business/general-insurers-india-china-indonesia-may-reduce-exposure-coal-industry-gradually-moodys-1503025022.html
0;TN drops petrochemical cluster project in Nagapattinam;law,aiadmk,cluster,report,nagapattinam,tn,proposed,refinery,withdrawn,project,petrochemical,drops;https://www.thestatesman.com/business/tn-drops-petrochemical-cluster-project-nagapattinam-1503024914.html
0;Petrol, diesel prices remain static even after revision of duties by centre and state govts;remain,govts,centre,litre,duty,static,diesel,petrol,rs,price,crude,remained,prices,fuel,revision,unchanged,duties,state;https://www.thestatesman.com/business/petrol-diesel-prices-remain-static-even-revision-duties-centre-state-govts-1503024571.html
0;RIL activates Chatbot to assist investors for second and final call of partly paid shares;payment,investors,rights,rs,assist,paidup,reliance,shares,ril,paid,second,issue,final,chatbot,activates,partly;https://www.thestatesman.com/business/ril-activates-chatbot-assist-investors-second-final-call-partly-paid-shares-1503024354.html
0;IREDA receives highest ever half yearly profit;renewable,yearly,tax,receives,company,highest,half,ireda,rs,total,crore,energy,ministry,profit;https://www.thestatesman.com/business/ireda-receives-highest-ever-half-yearly-profit-1503024351.html
0;As people geared up for season’s festivities, Flipkart observed key trends in festive fashion;geared,flipkart,festivities,women,festive,wear,kurta,kurtas,interesting,ethnic,observed,trends,key,fashion,seasons;https://www.thestatesman.com/business/people-geared-seasons-festivities-flipkart-observed-key-trends-festive-fashion-1503024192.html
0;Semiconductor shortage dent Oct PV sales;units,passenger,basis,oct,sold,yearonyear,vans,vehicles,dent,shortage,data,semiconductor,pv,uv,sales;https://www.thestatesman.com/business/semiconductor-shortage-dent-oct-pv-sales-1503024150.html
0;Tata Consumer Products buys Tata SmartFoodz for Rs 395 cr cash;segment,rte,395,consumer,portfolio,products,food,smartfoodz,rs,crore,tata,buys,cash,cr;https://www.thestatesman.com/business/tata-consumer-products-buys-tata-smartfoodz-rs-395-cr-cash-1503024139.html
0;A ZEE5 Original Film - The Statesman;agitation,statesman,violent,tewari,zee5,original,vehicles,film,farmers,notice,lives,run,state,weather;https://www.thestatesman.com/videogallery/14-phere-official-trailer-zee5-original-film-1502981679.html
0;Kriti Sanon, Pankaj Tripathi - The Statesman;sanon,agitation,statesman,violent,tewari,state,kriti,vehicles,tripathi,farmers,notice,lives,run,pankaj,weather;https://www.thestatesman.com/videogallery/mimi-official-trailer-kriti-sanon-pankaj-tripathi-1502981669.html
0;Shilpa Shetty, Paresh Rawal, Meezaan, Pranitha, Priyadarshan - The Statesman;agitation,statesman,shetty,violent,tewari,shilpa,notice,vehicles,paresh,priyadarshan,rawal,pranitha,farmers,meezaan,lives,run,state,weather;https://www.thestatesman.com/videogallery/hungama-2-official-trailer-shilpa-shetty-paresh-rawal-meezaan-pranitha-priyadarshan-1502977968.html
0;Farhan Akhtar, Mrunal Thakur, Paresh Rawa - The Statesman;agitation,statesman,violent,tewari,mrunal,rawa,vehicles,paresh,akhtar,farhan,farmers,notice,lives,run,thakur,state,weather;https://www.thestatesman.com/videogallery/toofaan-official-trailer-2021-farhan-akhtar-mrunal-thakur-paresh-rawa-1502977967.html
0;Official Trailer: Ray starring Manoj Bajpayee, Ali Fazal, Kay Kay Menon & Harshvarrdhan;harshvarrdhan,kay,agitation,bajpayee,farmers,weather,trailer,notice,violent,official,tewari,fazal,menon,vehicles,lives,run,starring,ray,manoj,state;https://www.thestatesman.com/videogallery/official-trailer-ray-starring-manoj-bajpayee-ali-fazal-kay-kay-menon-harshvarrdhan-1502976124.html
0;Vidya Balan, Vijay Raaz, Neeraj Kabi - The Statesman;agitation,statesman,violent,raaz,kabi,tewari,vijay,neeraj,vehicles,vidya,farmers,notice,lives,run,balan,state,weather;https://www.thestatesman.com/videogallery/sherni-official-trailer-vidya-balan-vijay-raaz-neeraj-kabi-1502972064.html
0;Pushpa Raj official trailer starring Allu Arjun, Pushpa, Rashmika, Fahadh Faasil;agitation,farmers,weather,faasil,arjun,trailer,notice,violent,official,fahadh,tewari,rashmika,vehicles,lives,run,starring,pushpa,raj,allu,state;https://www.thestatesman.com/videogallery/pushpa-raj-official-trailer-starring-allu-arjun-pushpa-rashmika-fahadh-faasil-1502962626.html
0;Mumbai Saga Trailer (Official) Emraan H, Suniel S, John A, Kajal A, Mahesh M;agitation,mumbai,farmers,weather,s,trailer,notice,violent,official,tewari,mahesh,suniel,kajal,vehicles,saga,lives,run,m,john,state;https://www.thestatesman.com/videogallery/mumbai-saga-trailer-official-emraan-h-suniel-s-john-kajal-mahesh-m-1502957040.html
0;Releasing 26 March 2021 - The Statesman;agitation,statesman,violent,tewari,26,vehicles,notice,farmers,releasing,2021,lives,run,state,weather;https://www.thestatesman.com/videogallery/saina-official-trailer-parineeti-chopra-bhushan-kumar-releasing-26-march-2021-1502957037.html
0;Pongal, Jan 14th 2021 - The Statesman;agitation,statesman,violent,tewari,jan,notice,vehicles,farmers,2021,lives,pongal,14th,run,state,weather;https://www.thestatesman.com/videogallery/bhoomi-official-trailer-jayam-ravi-nidhhi-agerwal-d-imman-lakshman-pongal-jan-14th-2021-1502943982.html
0;AIRIA heading for stormy session in its annual general meeting;member,general,annual,company,airia,senior,rubber,heading,session,meeting,executive,rb,holding,chairman,association,stormy;https://www.thestatesman.com/bengal/airia-heading-stormy-session-annual-general-meeting-1503027138.html
0;Sougata Roy’s remarks on poll violence trigger row;party,trigger,power,tmc,polls,muscle,row,sougata,violence,remarks,civic,roys,poll,proves;https://www.thestatesman.com/bengal/sougata-roys-remarks-on-poll-violence-trigger-row-1503027039.html
0;87 TMC ex-councillors get tickets for KMC poll;ticket,excouncillors,87,tmc,chatterjee,given,wife,elections,tickets,mp,kmc,poll,candidates,list;https://www.thestatesman.com/bengal/87-tmc-ex-councillors-get-tickets-kmc-poll-1503027003.html
0;KMC polls : Left-Front names 114 candidates in its first list, spares 17 seats;names,spares,bjp,congress,seats,kolkata,leftfront,total,left,114,17,municipal,wards,kmc,polls,candidates,list;https://www.thestatesman.com/bengal/kmc-polls-left-front-names-114-candidates-first-list-spares-17-seats-1503027000.html
0;"TMC may name candidates for KMC polls today; election to other civic bodies by April";election,court,sources,matter,bjp,tmc,kolkata,counsel,today,corporation,municipal,notification,civic,kmc,bodies,polls,candidates;https://www.thestatesman.com/bengal/tmc-may-name-candidates-kmc-polls-today-election-civic-bodies-april-1503026849.html
0;Dhankhar demands White Paper on BGBS a day after CM invites PM;white,written,cm,summit,dhankhar,paper,letter,invites,day,bgbs,banerjee,success,minister,demands,miss,state;https://www.thestatesman.com/bengal/dhankhar-demands-white-paper-bgbs-day-cm-invites-pm-1503026845.html
0;‘Effective Opp’: Meghalaya ex-CM, 11 MLAs join TMC;opp,excm,party,join,mlas,tmc,congress,sangma,trinamul,today,opposition,meghalaya,minister,effective,11,state;https://www.thestatesman.com/bengal/effective-opp-meghalaya-ex-cm-11-mlas-join-tmc-1503026841.html
0;TMC, Cong ties nosedive after Jago Bangla editoral;jago,bangla,bjp,congress,tmc,trying,nosedive,stated,parties,pcc,opposition,cong,miss,editorial,editoral,ties;https://www.thestatesman.com/bengal/tmc-cong-ties-nosedive-jago-bangla-editoral-1503026837.html
0;KMC polls to be held on 19 Dec: SEC announces polling dates;date,election,das,nomination,sec,filing,announced,today,held,announces,polling,dec,dates,19,kmc,polls,state;https://www.thestatesman.com/bengal/kmc-polls-held-19-dec-sec-announces-polling-dates-1503026724.html
0;Insurance survey for crop damage begins in Burdwan (East);survey,east,paddy,proper,begins,crop,insurance,damage,farmers,hectares,burdwan,lakh;https://www.thestatesman.com/bengal/insurance-survey-crop-damage-begins-burdwan-east-1503026701.html
0;Dhankhar seeks more details on Howrah Bill;details,regarding,dhankhar,howrah,bill,municipal,civic,holding,seeks,passed,polls,state,bodies;https://www.thestatesman.com/bengal/dhankhar-seeks-details-howrah-bill-1503026695.html
0;SSC: HC division bench stays CBI probe order;alleged,hc,activists,corruption,bench,west,probe,division,youth,bengal,stays,order,dyfi,cbi,ssc,state;https://www.thestatesman.com/bengal/ssc-hc-division-bench-stays-cbi-probe-order-1503026692.html
0;Mamata meets Modi, seeks withdrawal of BSF order;meets,told,party,bsf,withdrawal,prime,bengal,mamata,order,modi,banerjee,minister,seeks,help,territorial;https://www.thestatesman.com/bengal/mamata-meets-modi-seeks-withdrawal-bsf-order-1503026689.html
0;Demand to repeal CAA gains ground in UP;laws,protests,power,gains,repeal,ground,caa,withdrawal,shown,prime,farm,farmers,demand;https://www.thestatesman.com/uttar-pradesh/demand-repeal-caa-gains-ground-2-1503026002.html
0;Yogi-Modi pic – Hum Saath Saath Hain;hai,saath,chief,tweeted,photograph,prime,hain,yogi,yogimodi,leaders,minister,pic,walking,hum,adityanath;https://www.thestatesman.com/uttar-pradesh/yogi-modi-pic-hum-saath-saath-hain-1503025994.html
0;Priyanka reiterates support to Nishad community;power,congress,status,tweeted,given,nishad,community,reiterates,gandhi,rally,support,priyanka,fisheries;https://www.thestatesman.com/uttar-pradesh/priyanka-reiterates-support-nishad-community-1503025991.html
0;Man claiming to be BJP member charged with extortion;member,charged,claiming,pandey,bjp,rae,extortion,rs,store,medical,doctor,video,threatening,lakh,man;https://www.thestatesman.com/uttar-pradesh/man-claiming-bjp-member-charged-extortion-1503025523.html
0;Cases of scrub typhus found in Uttar Pradesh;cases,hospital,pradesh,typhus,case,system,team,scrub,officer,symptoms,hasanganj,patient,uttar;https://www.thestatesman.com/uttar-pradesh/cases-scrub-typhus-found-uttar-pradesh-1503025520.html
0;‘Akhilesh Ali Jinnah’, UP Dy CM Maurya suggests new name for SP chief;party,dy,sp,chief,jinnah,cm,freedom,suggests,elections,yadav,samajwadi,akhilesh,change,win,maurya,ali;https://www.thestatesman.com/uttar-pradesh/akhilesh-ali-jinnah-dy-cm-maurya-suggests-new-name-sp-chief-1503025517.html
0;Yogi appoints SP turncoat as head of UP transgender welfare board;party,transgender,welfare,sp,bjp,board,post,earlier,turncoat,appoints,head,yogi,kinnar,constituted,yadav,samajwadi,minister;https://www.thestatesman.com/uttar-pradesh/yogi-appoints-sp-turncoat-head-transgender-welfare-board-1503025509.html
0;Woman’s headless body found in UP’s Amroha;spot,yards,amroha,hand,body,adampur,head,headless,womans,sword,recovered,ups,unidentified;https://www.thestatesman.com/uttar-pradesh/womans-headless-body-found-ups-amroha-1503024933.html
0;Ex-MLA DP Yadav booked on kidnapping, extortion charges;charges,kidnapping,booked,exmla,court,lines,uttarakhand,extortion,singh,high,vijay,dp,yadav,fir,uttar;https://www.thestatesman.com/uttar-pradesh/ex-mla-dp-yadav-booked-kidnapping-extortion-charges-1503024908.html
0;3 day ‘Kashi Utsav’ to celebrate classic heritage and culture of Kashi begins today;ki,jaishankar,heritage,celebrate,begins,today,ms,classic,utsav,raidas,day,culture,shri,prasad,varanasi,kashi,sant;https://www.thestatesman.com/uttar-pradesh/3-day-kashi-utsav-celebrate-classic-heritage-culture-kashi-begins-today-1503024898.html
0;Samajwadis will ‘symbolically’ inaugurate Purvanchal Expressway;symbolically,sp,ghazipur,view,samajwadis,expressway,vijay,showering,yadav,azamgarh,inaugurate,project,purvanchal;https://www.thestatesman.com/uttar-pradesh/samajwadis-will-symbolically-inaugurate-purvanchal-expressway-1503024887.html
0;Tension prevails as idols desecrated in UP temple;spot,area,reached,miscreants,prevails,idols,installation,temple,desecrated,officer,district,tension;https://www.thestatesman.com/uttar-pradesh/tension-prevails-idols-desecrated-temple-1503024880.html
0;Schools, colleges to have vaccination centres in rural UP;covid,vaccination,process,schools,rural,colleges,centres,areas,population,wider,number,eligible,state;https://www.thestatesman.com/uttar-pradesh/schools-colleges-vaccination-centres-rural-1503024706.html
0;Prof Sudhir Jain is new vice-chancellor of Banaras Hindu University;office,charge,jain,earthquake,hindu,vicechancellor,sudhir,engineering,university,iit,term,prof,banaras;https://www.thestatesman.com/uttar-pradesh/prof-sudhir-jain-is-new-vice-chancellor-of-banaras-hindu-university-1503024700.html
0;Allahabad HC stays eviction of widowed daughter-in-law;eviction,hc,court,inlaws,petition,daughterinlaw,petitioner,house,stays,order,khushboo,lucknow,widowed,shukla,allahabad,sdm;https://www.thestatesman.com/uttar-pradesh/allahabad-hc-stays-eviction-widowed-daughter-law-1503024690.html
0;UP government to launch ambulance service for cows;problem,milk,scheme,transplant,cow,cows,ambulance,yielding,minister,service,veterinary,state,launch;https://www.thestatesman.com/uttar-pradesh/up-government-to-launch-ambulance-service-for-cows-1503024678.html
0;Jal Jeevan Mission in UP targets another 34 lakh households for tap water;tap,34,supply,households,rural,targets,jeevan,jal,mission,water,lakh,state;https://www.thestatesman.com/uttar-pradesh/jal-jeevan-mission-targets-another-34-lakh-households-tap-water-1503024157.html
0;National News, India News, Latest National News, Breaking News India;variant,latest,according,coronavirus,omicron,case,national,india,breaking,detected,officials;https://www.thehindu.com/news/national/
0;International News, Breaking World News, Latest International News;court,latest,testimony,defence,previously,motion,international,world,doctor,come,legal,breaking,unable,official;https://www.thehindu.com/news/international/
0;Latest Regional News, Politics, Events, Entertainment;morris,investors,latest,paying,regional,idea,selling,kannur,politics,started,having,despite,entertainment,official,events;https://www.thehindu.com/news/states/
0;Latest news updates from major cities of India;unauthorised,updates,customers,latest,chintadripet,cities,cheating,chennai,major,senthil,couple,city,street,chit,india;https://www.thehindu.com/news/cities/
0;Chennai - Latest News, Politics, Events, Entertainment;sensational,latest,formats,right,chennai,team,semifinals,zealand,politics,fivewicket,strongest,entertainment,win,registered,events;https://www.thehindu.com/news/cities/chennai/
0;Tamil Nadu - Latest news, Live Updates, Politics, Events;southern,updates,latest,tamil,live,near,increased,events,politics,touches,fourth,level,river,mullaperiyar,water,irrigation,nadu;https://www.thehindu.com/news/national/tamil-nadu/
0;India States - Latest news, Live Updates, Politics, Events;sugarcane,updates,succeed,latest,review,anuj,swells,live,states,voice,politics,takes,kumar,india,supernatural,singh,events;https://www.thehindu.com/news/national/other-states/
0;Mumbai - Latest News, Politics, Events, Entertainment;matches,manika,meetingmanika,ttfi,latest,olympics,singles,national,mumbai,coach,politics,outburst,entertainment,personal,events;https://www.thehindu.com/news/cities/mumbai/
0;Resources News;unusable,supreme,court,taken,resources,caste,census,socioeconomic,technical,suffered,data;https://www.thehindu.com/news/resources/
0;Hyderabad - Latest News, Politics, Events, Entertainment;hyderabad,player,pullela,latest,autobiography,reveals,gopichand,winning,politics,strategy,shuttlers,stronger,entertainment,preachyahead,events;https://www.thehindu.com/news/cities/Hyderabad/
0;Bengaluru - Latest News, Politics, Events, Entertainment;standup,latest,pandemic,getting,things,pathan,special,politics,bengaluru,tandon,prompted,entertainment,try,sandwich,events;https://www.thehindu.com/news/cities/bangalore/
0;Andhra Pradesh - Latest news, Live Updates, Politics, Events;updates,seshadris,latest,sent,roadttd,requested,live,body,politics,rituals,tirupati,embalmed,needs,pradesh,officials,events,andhra;https://www.thehindu.com/news/national/andhra-pradesh/
0;Karnataka - Latest news, Live Updates, Politics, Events;tuesdayhe,updates,latest,chief,honoured,live,rajkumar,special,politics,posthumously,ratna,karnataka,puneeth,minister,events;https://www.thehindu.com/news/national/karnataka/
0;Kerala - Latest news, Live Updates, Politics, Events;bichu,kerala,updates,till,latest,tunes,live,prolific,politics,malayalam,sr,tired,thirumala,praveen,lyricist,events;https://www.thehindu.com/news/national/kerala/
0;Telangana - Latest news, Live Updates, Politics, Events;updates,latest,ginning,town,state,live,price,mills,telangana,market,politics,sell,farmers,districts,adilabad,events;https://www.thehindu.com/news/national/telangana/
0;Coimbatore - Latest News, Politics, Events, Entertainment;collection,latest,department,district,following,sample,politics,random,coimbatore,schools,health,reopening,entertainment,officials,events;https://www.thehindu.com/news/cities/Coimbatore/
0;Delhi - Latest News, Politics, Events, Entertainment;summer,surge,delhi,restaurants,latest,pandemic,ongoing,spaces,past,innovating,memories,politics,launched,entertainment,events;https://www.thehindu.com/news/cities/Delhi/
0;Kochi - Latest News, Politics, Events, Entertainment;variant,latest,kochi,omicron,spread,high,covid19,countries,politics,reports,international,entertainment,cochin,events,wake;https://www.thehindu.com/news/cities/Kochi/
0;Kolkata - Latest News, Politics, Events, Entertainment;latest,kolkata,following,recovery,developed,covid19,recipient,politics,support,ecmo,damaged,lungs,entertainment,complications,events;https://www.thehindu.com/news/cities/kolkata/
0;Kozhikode - Latest News, Politics, Events, Entertainment;tpr,latest,declined,district,test,tested,covid19,positivity,politics,rate,kozhikode,entertainment,positive,events;https://www.thehindu.com/news/cities/kozhikode/
0;Madurai - Latest News, Politics, Events, Entertainment;donated,latest,equipment,madurai,insurance,medical,lakh,employees,politics,worth,india,entertainment,necessary,events;https://www.thehindu.com/news/cities/Madurai/
0;Mangalore - Latest News, Politics, Events, Entertainment;physical,latest,tiny,udupi,preprimary,tots,kids,following,politics,welcome,entertainment,resumed,mangalore,events,warm;https://www.thehindu.com/news/cities/Mangalore/
0;Puducherry - Latest News, Politics, Events, Entertainment;latest,union,ending,covid19,territory,reported,politics,deaths,puducherry,entertainment,24,hours,events;https://www.thehindu.com/news/cities/puducherry/
0;Thiruvananthapuram - Latest News, Politics, Events, Entertainment;making,keralaeven,latest,state,picks,hopping,way,thiruvananthapuram,households,politics,dragon,entertainment,fruit,terraces,events;https://www.thehindu.com/news/cities/Thiruvananthapuram/
0;Trichy - Latest News, Politics, Events, Entertainment;vaccinations,latest,target,politics,set,trichy,day,entertainment,lakh,events;https://www.thehindu.com/news/cities/Tiruchirapalli/
0;Vijayawada - Latest News, Politics, Events, Entertainment;member,vijayawada,latest,zone,nominated,zonal,khelo,talent,kakani,politics,entertainment,south,india,events,identification;https://www.thehindu.com/news/cities/Vijayawada/
0;Visakhapatnam - Latest News, Politics, Events, Entertainment;latest,visakhapatnam,covid19,reported,36,politics,death,entertainment,24,infections,events,hours;https://www.thehindu.com/news/cities/Visakhapatnam/
0;Indian Super League 2021-2022;indian,league,super,20212022;https://sportstar.thehindu.com/football/isl/2021-2022/
0;ISL 2021-2022 Latest News and Live Updates;updates,isl,latest,live,20212022;https://sportstar.thehindu.com/football/isl/2021-2022/news/
0;ISL 2021-2022 Features;features,isl,20212022;https://sportstar.thehindu.com/football/isl/2021-2022/features/
0;Schedule News;schedule;https://sportstar.thehindu.com/football/isl/2021-2022/schedule/
0;ISL 2021-2022 Teams, Team Squad Updates;updates,isl,squad,team,teams,20212022;https://sportstar.thehindu.com/football/isl/2021-2022/teams/
0;Karun Chandok, View from the Paddock, Motorsport, Expert review;karun,view,review,paddock,expert,chandok,motorsport;https://sportstar.thehindu.com/columns/karun-chandok-view-from-the-paddock/
0;T K Rajalakshmi;comes,k,muzaffarnagar,second,success,huge,kisan,wind,rajalakshmi,mahapanchayat;https://frontline.thehindu.com/profile/author/T-K-Rajalakshmi-20945/
0;John Cherian;troops,war,demolishes,base,john,machines,cia,cherian,retreat,kabul;https://frontline.thehindu.com/profile/author/John-Cherian-20940/
0;Purnima S. Tripathi;come,bihar,s,parties,protest,opposition,tripathi,purnima,kumar,nitish;https://frontline.thehindu.com/profile/author/Purnima-S-Tripathi-20943/
